<?xml version="1.0" encoding="UTF-8"?>
<beans xmlns="http://www.springframework.org/schema/beans"
	xmlns:xsi="http://www.w3.org/2001/XMLSchema-instance"
	xmlns:mybatis-spring="http://mybatis.org/schema/mybatis-spring"
	xmlns:context="http://www.springframework.org/schema/context"
	xmlns:jdbc="http://www.springframework.org/schema/jdbc"
	xmlns:aop="http://www.springframework.org/schema/aop"
	xsi:schemaLocation="http://www.springframework.org/schema/jdbc http://www.springframework.org/schema/jdbc/spring-jdbc-4.3.xsd
		http://mybatis.org/schema/mybatis-spring http://mybatis.org/schema/mybatis-spring-1.2.xsd
		http://www.springframework.org/schema/beans https://www.springframework.org/schema/beans/spring-beans.xsd
		http://www.springframework.org/schema/context http://www.springframework.org/schema/context/spring-context-4.3.xsd
		http://www.springframework.org/schema/aop http://www.springframework.org/schema/aop/spring-aop-4.3.xsd">
	
	<!-- Root Context: defines shared resources visible to all other web components -->
	
		<!-- HIKARI 추가 -->
	
	<!-- log4jdbc.log4j2.properties 추가 전 -->
	<!-- 	    
	<bean id="hikariConfig" class="com.zaxxer.hikari.HikariConfig"> 
        <property name="driverClassName" value="com.mysql.cj.jdbc.Driver"></property> 
        <property name="jdbcUrl" value="jdbc:mysql://localhost:3306/fs?serverTimezone=Asia/Seoul"></property> 
        <property name="username" value="root"></property> 
        <property name="password" value="1234"></property> 
    </bean> 
    -->
    
   <!-- log4jdbc.log4j2.properties 추가 후 -->
    <bean id="hikariConfig" class="com.zaxxer.hikari.HikariConfig">
		<property name="driverClassName" value="net.sf.log4jdbc.sql.jdbcapi.DriverSpy"></property>
		<property name="jdbcUrl" value="jdbc:log4jdbc:mysql://localhost:3306/plan_to_travel?serverTimezone=Asia/Seoul"></property>
		<property name="username" value="root"></property>
		<property name="password" value="1234"></property>
	</bean>
	
    <bean id="datasource" class="com.zaxxer.hikari.HikariDataSource" destroy-method="close"> 
        <constructor-arg ref="hikariConfig"></constructor-arg> 
    </bean>
    
	<!-- GMAIL 설정 -->
	<bean id="mailSender2" class="org.springframework.mail.javamail.JavaMailSenderImpl"> 
     	<property name="host" value="smtp.gmail.com" />
     	<property name="port" value="587" />
 		<property name="username" value="jieun6980445@gmail.com"/> <!-- 자신의 이메일 아이디 -->
 		<property name="password" value="abc6980445"/> <!-- 자신의 비밀번호 -->
 		<!-- 보안연결 TLS과 관련된 설정 -->
     	<property name="javaMailProperties">
    		<props>
       			<prop key="mail.smtp.auth">true</prop>
       			<prop key="mail.smtp.starttls.enable">true</prop>
    		</props>
     	</property>
	</bean>
	
	<!-- NAVER MAIL 설정 -->
	<bean id="mailSender" class="org.springframework.mail.javamail.JavaMailSenderImpl"> 
 		<property name="host" value="smtp.naver.com"/> <!-- 메이서버 호스트 -->
 		<property name="port" value="465"/> <!-- 메이서버 포트번호 -->
 		<property name="username" value="jieun6980445@naver.com"/> <!-- 자신의 이메일 아이디 -->
 		<property name="password" value="abc6980445"/> <!-- 자신의 비밀번호 -->
   		<!-- 보안연결 SSL과 관련된 설정 -->
 		<property name="javaMailProperties">
  			<props>
  				<prop key="mail.smtp.auth">true</prop>
  				<prop key="mail.smtp.starttls.enable">true</prop>
  				<prop key="mail.smtps.checkserveridentity">true</prop>
  				<prop key="mail.smtps.ssl.trust">*</prop>
  				<prop key="mail.debug">true</prop>
  				<prop key="mail.smtp.socketFactory.class">javax.net.ssl.SSLSocketFactory</prop>
  			</props>
 		</property>
	</bean>
	
    
    <!-- jdbc모듈을 이용하여 dataSource추가하기. -->
    <bean id="dataSource" class="org.springframework.jdbc.datasource.DriverManagerDataSource">
        <property name="driverClassName" value="com.mysql.cj.jdbc.Driver"></property>
        <property name="url" value="jdbc:mysql://127.0.0.1:3306/plan_to_travel"></property>
        <property name="username" value="root"></property>   
        <property name="password" value="1234"></property>
    </bean>
    
        <!-- SQL SESSION FACTORY 추가 -->
    <!--  마이바티스와 스프링 연동작을 하기위한 SqlsessionFactory == DB연결 및 SQL의 실행을 대한객체 -->
<bean id="sqlSessionFactory" class="org.mybatis.spring.SqlSessionFactoryBean">
             <property name="dataSource" ref="dataSource"></property>
   <!-- mybatis-config.xml이 스프링 시작될때 같이 실행되도록 설정하기  -->
<property name="configLocation" value="classpath:/mybatis-config.xml"></property>
            <property name="mapperLocations" value="classpath:mapper/**/*Mapper.xml"></property>

 </bean>
    
    <!-- SQLSessionTemplate설정하기 DAO인터페이스를 만들었기때문에 Mybatis에서 DAO인터페이스를 구현하기위해서 필요한작업 -->

    <bean id="sqlSession" class="org.mybatis.spring.SqlSessionTemplate" destroy-method="clearCache">
        <constructor-arg name="sqlSessionFactory" ref="sqlSessionFactory"></constructor-arg>   
    </bean>
    
	<mybatis-spring:scan base-package="com.ptt.mapper"/>
    <context:component-scan base-package="com.ptt.model"></context:component-scan>
    <context:component-scan base-package="com.ptt.service"></context:component-scan>
     <context:component-scan base-package="com.ptt.dao"></context:component-scan>
		
</beans>
