<?xml version="1.0" encoding="UTF-8"?>
<!DOCTYPE mapper
  PUBLIC "-//mybatis.org//DTD Mapper 3.0//EN"
  "http://mybatis.org/dtd/mybatis-3-mapper.dtd">
  <mapper namespace="com.ptt.mapper.FavoriteMapper">
  
  	<!-- 즐겨찾기 저장 -->
  	<insert id="addFavorite" parameterType="com.ptt.model.FavoriteVO">
        INSERT INTO favorite (u_id, fav_name, fav_lat, fav_lng, fav_address1, fav_address2, fav_info)
        VALUES (#{u_id}, #{fav_name}, #{fav_lat}, #{fav_lng}, #{fav_address1}, #{fav_address2}, #{fav_info})
    </insert>
    
    <!-- History 목록 불러오기 기능 -->
	<select id="selectFavorite" resultType="com.ptt.model.FavoriteVO">
		select fav_name, fav_id from favorite where u_id = #{u_id}
	</select>
	
	<!-- 즐겨찾기 삭제 -->
	<delete id="deleteFav" parameterType="String">
	DELETE
	FROM favorite
	WHERE fav_id = #{fav_id}
	</delete>
  	
  	<!-- 즐겨찾기 전체 삭제 -->
  	<delete id="deleteAllFav">
    DELETE FROM favorite
    WHERE u_id = #{u_id}
	</delete>
	
	<!-- 즐겨찾기 하나 클릭 -->
	<select id="getFavInfo" resultType="com.ptt.model.FavoriteVO">
    SELECT fav_address1, fav_address2, fav_lat, fav_lng FROM favorite WHERE fav_id = #{fav_id}
	</select>

  </mapper>