<?xml version="1.0" encoding="UTF-8"?>
<!DOCTYPE mapper
  PUBLIC "-//mybatis.org//DTD Mapper 3.0//EN"
  "http://mybatis.org/dtd/mybatis-3-mapper.dtd">
  <mapper namespace="com.ptt.mapper.UserMapper">
  
    <!-- 회원가입 -->
    <insert id="userJoin">
  		insert into user values(#{u_id}, #{u_pw}, #{u_email})
  	</insert>
  	
  	<!-- 아이디 중복검사 -->
  	<select id="idCheck" resultType="int">
  		select count(*) from user where u_id = #{u_id}
  	</select>
  	
  	<!-- 로그인 -->
    <select id="userLogin" resultType="com.ptt.model.UserVO">
        select u_id, u_pw from user where u_id = #{u_id} and u_pw = #{u_pw}
    </select>
    
    <!-- 사용자 데이터 불러오기 -->
    <select id="user_data" resultType="com.ptt.model.UserVO">
  	select * from user where u_id = #{uID_session}
  	</select>
	
  </mapper>